Recency,Frequency,Monetary,Cluster
35,5,53.8,4
242,5,100.0,3
122,4,70.3,0
323,4,60.65,3
28,8,204.96,2
706,2,24.0,1
199,4,182.94,2
88,2,155.9,2
86,4,48.75,0
152,5,89.36,0
21,3,89.8,4
41,4,75.86,4
89,8,186.75,2
88,4,75.1,0
240,3,71.4,3
86,4,104.7,4
91,5,75.49,0
221,4,94.6,3
385,1,73.5,3
78,3,73.84,0
53,3,53.4,0
571,3,117.5,3
185,6,182.0,2
142,1,58.2,0
133,3,42.62,0
216,5,111.95,3
227,4,129.7,3
172,5,107.6,3
291,1,16.35,1
76,3,64.6,0
129,5,96.46,3
198,5,91.3,3
596,3,83.05,3
113,5,69.9,0
709,1,10.8,1
14,3,58.44,4
16,6,214.2,2
213,1,2.7,1
34,4,48.1,4
272,4,113.75,3
75,3,35.75,0
354,3,94.69,3
66,2,25.4,0
35,3,98.9,4
189,2,16.7,1
143,3,51.6,0
73,2,23.8,0
116,4,62.3,0
240,6,124.6,3
50,6,207.36,2
64,10,267.5,2
174,6,80.7,3
70,4,43.9,0
219,2,75.7,3
51,3,58.2,4
570,3,32.15,1
50,4,38.9,4
564,2,16.8,1
116,5,149.1,2
103,5,129.32,4
341,2,8.1,1
158,3,59.1,0
47,6,225.4,2
566,3,19.92,1
163,3,112.3,3
182,2,20.7,1
132,4,90.45,0
420,2,66.4,3
460,1,17.1,1
68,2,50.7,0
27,4,109.8,4
75,5,71.96,4
41,4,80.3,4
77,4,87.9,4
109,6,50.9,2
63,2,50.0,0
112,2,89.1,0
230,2,17.8,1
241,5,138.6,3
596,2,65.8,3
327,3,102.7,3
621,1,7.6,1
137,3,31.74,0
2,5,94.4,4
138,9,193.82,2
30,3,58.75,4
390,1,9.3,1
70,3,219.2,2
82,5,104.31,4
277,1,3.65,1
113,8,149.79,2
61,3,57.76,0
155,1,15.3,1
59,6,106.48,4
48,7,267.62,2
139,3,39.7,0
293,3,88.3,3
367,3,52.0,3
186,4,73.7,0
403,4,87.1,3
64,4,40.25,4
222,2,34.8,1
90,8,129.38,2
153,4,94.06,0
268,5,93.9,3
40,7,155.9,4
40,4,53.3,4
265,1,26.36,1
147,4,74.65,0
173,6,121.12,2
342,4,68.5,3
31,8,157.4,4
220,1,34.6,0
5,6,173.4,4
329,1,22.4,1
95,6,144.39,4
655,1,30.62,1
9,3,33.0,0
48,4,73.6,4
494,2,15.9,1
41,5,67.56,4
227,3,124.2,3
76,4,85.16,4
178,4,67.25,0
374,5,179.64,3
103,4,94.95,0
99,3,24.64,0
149,5,143.82,2
391,3,48.4,3
173,3,40.97,0
57,9,209.06,2
95,2,17.6,0
119,3,53.3,0
345,4,72.8,3
187,2,66.7,0
380,4,80.8,3
200,4,81.0,0
249,5,54.5,3
76,7,133.25,4
84,3,34.6,0
109,7,157.52,2
409,3,49.2,3
94,6,118.76,4
18,2,34.6,0
26,4,54.4,4
104,2,68.8,0
164,4,83.05,0
22,6,101.5,4
227,3,35.2,1
3,3,89.3,4
108,1,24.0,0
452,2,136.9,3
74,4,49.1,0
199,3,25.45,0
40,6,118.51,4
291,2,78.3,3
146,5,113.5,3
16,3,54.1,4
275,2,31.1,1
1,4,136.2,4
575,2,29.1,1
317,2,23.5,1
299,3,86.6,3
380,9,284.8,2
29,7,184.44,4
239,5,75.3,3
69,4,36.5,4
322,5,59.9,3
183,5,222.36,2
135,6,96.65,3
77,1,10.45,0
45,4,114.24,4
475,2,112.6,3
493,2,9.9,1
44,3,38.2,0
31,6,199.82,4
184,3,97.6,3
197,2,43.5,0
128,4,108.9,3
248,4,51.83,3
18,3,14.77,4
355,3,69.7,3
544,2,30.55,1
64,8,161.1,4
144,2,100.6,3
355,2,28.4,1
48,2,22.56,0
231,3,73.2,0
56,3,64.06,4
33,3,34.42,0
38,6,153.6,4
333,3,167.9,3
20,4,57.5,4
95,3,26.05,0
401,2,34.8,1
161,4,61.6,0
160,7,142.1,2
291,3,69.1,3
229,3,96.6,3
46,3,62.06,4
14,5,171.46,4
414,4,121.29,3
220,6,107.75,3
152,4,68.4,0
107,3,94.6,0
354,2,58.9,3
346,3,76.71,3
127,4,183.2,2
315,3,68.6,3
1,7,194.2,2
454,2,32.6,1
1,5,182.45,4
410,1,1.7,1
97,2,16.8,0
30,4,61.6,4
466,2,83.3,3
224,7,127.0,2
48,2,84.55,4
601,1,7.7,1
310,1,16.6,1
285,3,146.4,3
41,6,66.85,4
64,7,156.0,4
182,3,33.0,0
139,6,98.36,3
40,4,74.44,4
215,8,153.88,2
233,2,40.6,1
265,7,160.8,2
304,1,27.0,1
121,7,139.0,2
260,3,58.64,3
222,4,156.22,2
16,6,125.11,4
721,1,6.0,1
400,3,39.02,1
26,7,167.71,4
366,4,57.4,3
452,2,17.4,1
15,8,166.65,4
445,2,62.8,3
448,1,1.3,1
34,1,6.6,0
261,3,104.9,3
193,2,51.94,0
255,2,115.0,3
460,1,26.8,1
123,5,99.65,3
470,2,20.0,1
508,2,50.9,1
33,6,220.04,2
452,2,48.74,1
223,2,47.05,0
526,2,46.6,1
437,2,39.8,1
23,6,145.0,4
88,7,279.99,2
490,1,10.8,1
594,1,15.0,1
437,4,57.8,3
91,5,123.62,4
249,3,67.06,3
521,1,28.8,1
240,2,24.6,1
538,3,63.88,3
73,10,152.56,2
37,5,101.5,4
29,5,108.21,4
21,4,95.2,4
111,6,112.9,2
140,4,47.1,0
211,3,91.9,3
42,5,40.7,4
47,7,144.7,4
485,2,25.6,1
162,5,107.4,3
140,7,124.45,2
124,5,180.92,2
458,2,92.68,3
52,4,125.9,4
99,3,107.5,4
285,4,55.0,3
67,2,22.7,0
65,4,93.46,4
373,5,120.4,3
160,3,62.35,0
37,6,154.34,4
382,4,108.15,3
156,3,60.8,0
210,3,23.1,0
482,1,21.0,1
57,3,54.0,0
92,4,56.96,0
113,5,82.0,0
135,3,68.5,0
220,3,114.3,3
40,3,58.19,4
191,5,66.7,0
291,4,89.4,3
273,5,88.35,3
403,2,12.4,1
184,3,79.5,0
226,6,197.8,2
5,1,17.3,0
481,1,2.9,1
53,3,82.0,4
279,3,49.6,3
522,3,32.54,1
95,2,51.3,0
134,3,63.8,0
345,4,90.72,3
261,2,14.6,1
72,4,140.64,4
57,3,39.1,0
3,5,179.2,4
218,3,80.3,3
51,3,103.8,4
143,8,136.92,2
281,3,88.82,3
221,5,146.6,2
58,4,118.4,4
31,4,61.75,4
28,5,64.1,4
99,6,145.5,2
206,2,27.0,1
73,4,94.45,4
270,3,192.85,2
5,2,70.5,4
506,2,25.1,1
32,5,76.7,4
42,6,82.7,4
61,4,139.4,4
314,5,132.05,3
59,4,124.22,4
117,2,25.5,0
162,3,78.36,0
236,3,59.7,0
106,4,118.2,3
104,2,58.0,0
17,4,77.52,4
483,2,19.2,1
307,2,63.1,3
667,1,24.4,1
324,6,235.4,2
29,5,74.95,4
102,5,92.7,0
113,4,131.44,2
115,3,24.3,0
1,4,98.4,4
580,1,46.4,3
14,5,195.2,2
113,7,100.9,2
85,2,62.7,0
77,5,96.6,4
152,4,35.4,0
58,6,62.5,4
31,6,224.1,2
147,2,70.9,0
168,1,33.9,0
394,3,23.6,3
178,3,61.1,0
233,3,90.3,3
188,3,97.3,3
164,3,153.4,2
147,4,33.2,0
80,1,7.2,0
183,3,37.58,0
291,3,92.9,3
79,2,52.5,0
170,11,217.85,2
39,5,101.1,4
282,5,104.75,3
92,3,43.0,0
310,3,41.0,1
11,7,86.6,4
34,5,164.7,4
152,3,54.8,0
578,2,47.46,1
271,3,44.2,1
315,3,36.3,1
303,3,99.87,3
131,6,97.4,3
254,3,85.9,3
491,3,44.15,1
220,2,56.1,0
79,8,174.64,2
161,2,106.52,3
9,1,11.8,0
259,2,86.51,3
385,4,80.1,3
445,1,7.8,1
215,2,13.6,1
442,1,17.8,1
228,4,68.4,3
241,5,159.5,2
305,2,45.2,1
2,2,102.2,4
154,6,245.05,2
160,3,31.9,0
155,3,37.06,0
52,10,184.45,2
313,2,70.32,3
44,4,86.27,4
381,3,63.8,3
220,1,3.4,1
367,2,10.8,1
130,6,137.7,2
103,5,70.1,0
393,3,38.7,1
267,5,165.5,2
22,4,82.35,4
145,4,50.12,0
87,7,152.4,4
443,2,49.46,3
82,3,79.3,0
97,4,44.32,0
175,5,74.04,0
34,6,92.4,4
346,5,107.14,3
326,2,31.1,1
13,6,203.6,2
53,4,48.3,4
148,4,96.1,0
464,1,50.6,3
397,3,49.5,3
250,5,175.55,2
304,1,13.49,1
137,2,20.05,0
32,6,188.94,4
139,1,10.9,1
24,6,102.6,4
121,6,88.1,3
82,4,93.4,4
1,6,163.32,4
607,3,25.8,1
484,3,63.26,3
573,1,30.0,1
286,2,39.1,1
88,4,54.45,0
44,6,106.1,4
337,2,54.56,3
35,6,191.04,4
404,2,34.8,1
69,4,110.7,4
287,1,20.4,1
40,6,168.74,4
355,6,139.4,3
128,3,46.9,0
165,1,32.66,0
189,3,163.7,2
9,3,77.3,4
462,2,19.7,1
6,3,35.1,0
210,2,21.8,1
51,7,190.96,4
29,9,209.8,2
132,2,73.0,0
82,6,105.24,4
489,1,9.5,1
567,1,29.7,1
496,2,16.8,1
102,6,112.6,4
89,4,93.9,4
154,5,84.8,0
13,4,106.93,4
126,6,111.84,2
40,6,172.9,4
321,4,71.2,3
229,4,95.29,3
39,6,114.44,4
209,2,23.8,1
38,6,115.28,4
186,8,169.22,2
84,3,143.6,4
171,2,51.9,0
16,6,115.9,4
423,2,34.9,1
32,4,96.8,4
190,5,60.7,3
87,2,45.5,0
0,5,108.4,4
335,5,98.0,3
90,6,113.7,4
92,6,175.74,2
355,3,62.5,3
613,1,16.8,1
81,4,123.42,4
63,4,56.1,4
51,5,48.5,4
284,6,127.52,3
135,4,122.6,3
60,2,49.3,0
135,3,94.5,0
30,5,151.7,4
64,2,100.56,4
370,2,76.0,3
191,5,130.6,3
45,4,35.9,4
0,6,146.2,4
66,7,174.51,4
283,2,40.42,1
101,4,59.21,0
48,3,115.8,4
128,5,63.54,0
32,6,93.1,4
336,2,70.72,3
151,4,55.5,0
19,3,66.45,4
428,1,13.4,1
307,3,81.5,3
369,2,86.8,3
371,7,216.19,2
277,3,124.75,3
25,4,52.8,4
431,2,61.1,3
34,5,84.49,4
0,5,65.9,4
106,4,85.5,0
196,3,49.7,0
445,2,40.9,1
345,2,27.7,1
193,2,93.3,3
53,3,60.14,4
139,4,153.31,2
180,4,114.36,3
242,3,60.4,0
332,2,16.0,1
30,3,45.55,0
94,2,37.6,0
34,4,130.9,4
145,6,136.2,2
308,4,74.16,3
74,3,36.8,0
361,3,51.8,3
256,3,57.5,3
455,3,45.1,1
287,3,120.85,3
230,3,67.95,0
141,6,92.7,3
720,1,80.1,3
162,6,95.7,3
223,5,183.5,2
278,1,37.2,1
578,1,20.9,1
148,2,108.6,3
268,1,15.4,1
88,2,103.0,4
593,1,1.9,1
158,7,135.55,2
233,3,66.9,0
612,2,35.0,1
68,4,83.0,4
16,6,234.79,2
41,9,145.76,4
263,4,192.08,2
661,2,48.9,1
589,3,46.4,1
285,2,41.0,1
220,2,34.5,1
100,7,182.1,2
343,3,36.9,1
148,10,205.7,2
360,5,38.62,3
289,1,32.1,1
190,4,57.2,0
563,1,11.5,1
25,7,53.35,4
139,3,83.7,0
146,3,95.06,3
37,6,157.65,4
173,5,141.95,2
357,4,38.3,3
607,2,25.9,1
182,5,101.62,3
78,3,109.54,4
490,2,46.0,1
137,3,43.7,0
285,4,103.2,3
397,1,4.4,1
144,3,32.6,0
341,3,23.3,3
86,7,171.5,2
169,4,35.45,0
328,4,58.2,3
303,3,29.2,1
78,5,71.64,4
21,3,85.5,4
123,7,148.0,2
91,5,106.75,4
49,4,48.0,4
177,5,47.1,3
49,4,128.0,4
444,2,35.76,1
47,6,170.12,4
13,6,203.1,2
218,2,25.7,1
270,3,93.85,3
54,6,102.3,4
127,7,164.7,2
70,2,85.42,4
27,4,69.5,4
22,6,132.0,4
275,4,35.1,3
150,7,192.72,2
62,4,132.61,4
132,5,160.1,2
313,5,150.72,3
294,4,72.96,3
58,5,135.7,4
8,3,151.0,4
33,7,205.26,2
315,1,4.1,1
263,3,37.0,1
41,6,118.4,4
205,3,60.9,0
222,2,16.5,1
138,2,48.6,0
15,6,117.04,4
143,2,32.62,0
27,6,107.3,4
35,3,41.86,0
25,6,119.6,4
293,2,81.5,3
81,3,114.8,4
662,2,27.4,1
190,5,94.7,3
458,1,5.9,1
246,2,12.0,1
535,2,62.62,3
451,2,31.7,1
124,7,151.66,2
10,3,82.88,4
243,4,89.0,3
31,7,178.7,4
551,2,39.8,1
13,7,220.35,2
288,5,105.5,3
23,6,201.0,2
51,9,247.84,2
40,4,109.1,4
61,4,107.14,4
597,3,38.9,1
118,5,113.3,3
30,7,145.5,4
157,3,76.25,0
52,6,115.16,4
201,2,30.0,1
49,4,100.1,4
273,3,57.4,3
31,3,30.0,0
259,2,38.7,1
352,1,41.6,3
131,4,127.2,3
133,1,52.74,0
38,3,73.5,4
84,3,39.6,0
631,1,13.9,1
26,4,115.55,4
80,4,57.6,0
21,5,219.0,2
46,4,61.4,4
22,4,53.2,4
385,3,67.2,3
542,2,20.1,1
59,7,155.66,4
132,2,29.2,0
361,3,79.9,3
134,4,26.7,0
594,3,39.9,1
439,5,85.3,3
50,1,10.1,0
386,2,54.8,3
131,6,125.8,2
185,6,121.65,2
3,4,71.9,4
455,2,37.8,1
329,1,20.6,1
87,6,81.95,4
43,6,78.66,4
161,3,50.64,0
96,4,98.4,4
61,2,18.64,0
227,1,37.9,0
350,5,71.5,3
312,3,125.6,3
79,4,50.85,0
138,4,155.0,2
204,2,24.5,1
2,4,159.4,4
252,2,34.4,1
25,3,100.0,4
38,8,163.66,4
487,2,79.1,3
150,2,44.4,0
179,6,284.89,2
501,3,101.2,3
51,3,55.3,0
291,3,62.95,3
104,5,85.84,0
25,2,39.04,0
76,2,11.8,0
125,6,68.45,2
22,4,87.34,4
112,4,107.0,3
429,3,82.35,3
4,5,132.1,4
165,2,32.4,0
137,3,41.1,0
15,6,174.7,4
5,4,43.0,4
40,6,97.2,4
215,3,50.0,0
190,4,133.6,3
170,6,181.0,2
511,2,104.0,3
123,5,83.0,0
116,6,156.95,2
455,4,40.85,3
213,2,55.9,0
404,7,125.8,3
10,6,117.6,4
18,4,111.7,4
47,4,86.6,4
93,2,7.65,0
648,1,14.4,1
77,5,49.5,4
378,5,67.2,3
297,5,85.8,3
360,3,87.34,3
325,5,112.96,3
280,4,58.9,3
255,5,48.6,3
131,7,124.5,2
104,5,108.8,4
574,2,16.9,1
98,4,72.6,0
7,4,108.0,4
307,3,127.84,3
95,3,127.8,4
341,3,50.8,3
89,7,228.22,2
182,2,11.0,1
3,3,57.45,4
45,5,58.6,4
294,3,112.8,3
343,2,79.75,3
67,6,102.36,4
117,7,122.61,2
0,2,26.8,0
41,5,45.52,4
282,3,34.0,1
58,4,57.5,4
59,4,71.1,4
145,5,62.65,0
80,1,41.4,0
259,6,109.3,3
27,7,185.9,4
373,3,85.3,3
63,3,101.1,4
78,5,119.05,4
207,3,65.46,0
81,6,164.2,4
176,6,126.24,2
95,3,66.7,0
9,7,193.0,4
323,3,24.3,1
60,3,232.7,2
10,7,105.55,4
69,5,100.4,4
276,2,22.7,1
454,3,59.4,3
137,3,182.84,2
26,10,345.1,2
104,2,26.3,0
271,2,65.75,3
57,6,86.4,4
411,5,92.09,3
363,8,135.2,3
94,4,46.82,0
152,4,81.4,0
201,5,47.3,3
232,4,53.9,3
30,3,81.9,4
204,3,42.3,0
177,2,108.12,3
12,3,85.7,4
162,4,109.8,3
429,2,38.4,1
443,4,107.2,3
98,7,145.3,2
77,1,49.8,0
394,1,50.9,3
40,6,97.4,4
122,5,67.3,0
496,4,88.11,3
131,5,133.2,2
111,4,48.6,0
12,5,206.9,2
267,5,85.4,3
223,3,140.2,2
302,4,59.9,3
33,3,120.9,4
59,4,70.4,4
39,4,104.9,4
376,1,11.7,1
182,9,158.6,2
281,3,38.25,1
194,4,67.0,0
348,2,36.5,1
355,3,67.15,3
43,6,154.75,4
159,4,80.8,0
38,3,72.16,4
191,4,106.64,3
113,3,95.0,0
174,4,87.75,0
280,4,91.9,3
82,5,142.2,4
367,2,40.9,1
234,2,28.6,1
310,3,45.8,1
24,4,56.65,4
47,6,109.72,4
145,3,20.0,0
31,5,62.5,4
257,4,60.05,3
177,4,47.25,0
188,3,61.42,0
294,4,99.2,3
172,4,82.0,0
478,4,54.52,3
213,4,126.1,3
157,3,38.7,0
51,4,160.65,4
65,4,95.9,4
111,2,80.7,0
249,2,38.7,1
216,5,161.4,2
522,2,14.7,1
140,2,32.9,0
116,5,225.65,2
148,4,110.6,3
94,4,61.6,0
27,6,146.6,4
52,7,244.5,2
276,4,67.7,3
424,3,68.5,3
228,4,51.0,3
112,8,257.54,2
381,1,21.9,1
128,3,47.7,0
102,3,39.1,0
154,4,35.9,0
154,2,69.9,0
197,1,25.3,1
456,4,43.22,3
33,9,127.61,4
417,4,34.4,3
106,2,18.8,0
76,5,51.05,4
96,3,97.4,4
55,5,66.7,4
19,2,105.05,4
5,4,78.5,4
28,2,22.56,0
51,7,185.8,4
207,6,183.1,2
124,8,234.75,2
217,4,197.2,2
543,2,22.8,1
40,6,109.12,4
270,4,92.3,3
88,4,141.2,4
402,6,118.38,3
379,4,111.3,3
339,4,47.4,3
414,1,12.8,1
67,5,93.64,4
97,4,74.44,0
31,3,99.2,4
29,3,59.22,4
295,4,62.45,3
256,3,61.2,3
73,9,253.51,2
164,2,51.2,0
157,10,180.64,2
121,2,44.8,0
61,5,85.6,4
211,2,74.66,0
130,3,55.1,0
134,5,195.7,2
209,3,36.55,0
145,2,13.0,0
44,3,34.65,0
154,5,137.0,2
92,2,70.4,0
134,2,39.6,0
317,2,30.0,1
49,7,193.0,4
84,9,98.9,2
24,6,93.15,4
43,6,72.99,4
575,1,10.7,1
75,3,65.0,0
229,2,38.6,1
104,3,99.8,4
173,7,126.9,2
45,6,115.3,4
82,6,157.7,4
114,9,179.8,2
435,1,16.2,1
146,5,185.8,2
489,4,49.6,3
137,2,42.2,0
74,5,67.8,4
236,4,72.0,3
61,5,137.52,4
42,5,204.15,2
105,2,36.6,0
441,2,39.0,1
91,5,140.86,4
121,2,21.7,0
244,5,115.9,3
22,6,110.5,4
532,3,112.0,3
127,6,129.75,2
161,6,219.8,2
49,5,43.35,4
69,3,108.1,4
37,2,85.3,4
296,1,57.2,3
146,3,114.62,3
320,4,76.12,3
716,1,11.3,1
333,2,20.8,1
180,2,101.5,3
17,7,160.6,4
355,1,25.2,1
15,6,54.9,4
205,3,70.8,0
0,1,11.1,0
394,4,53.17,3
148,2,44.2,0
433,7,91.24,3
64,6,93.95,4
88,4,101.0,4
160,5,76.76,0
567,4,100.7,3
103,3,120.55,4
211,2,25.9,1
67,1,114.9,4
241,1,76.6,3
95,2,23.3,0
77,1,6.7,0
352,1,41.9,3
299,3,105.9,3
39,8,193.7,2
76,5,49.83,4
60,2,54.7,0
16,3,89.2,4
143,7,199.6,2
34,3,39.75,0
76,3,76.0,4
113,2,56.9,0
112,1,7.6,0
151,3,42.2,0
21,9,201.2,2
124,3,103.8,3
175,3,81.9,0
86,3,83.1,4
201,5,58.22,3
234,4,51.75,3
2,6,150.12,4
226,9,168.05,2
128,4,159.24,2
129,2,82.4,0
112,7,264.32,2
71,1,47.3,0
37,2,44.7,0
131,5,118.8,3
99,4,83.99,0
22,2,32.0,0
37,2,51.85,4
70,3,11.65,0
80,3,49.4,0
11,4,55.34,4
7,8,86.86,4
276,2,13.2,1
122,3,32.45,0
190,8,84.5,2
232,2,22.6,1
137,2,47.6,0
68,7,180.4,4
127,5,139.6,2
46,7,91.1,4
41,3,67.8,4
352,1,20.6,1
161,6,260.7,2
121,3,64.1,0
527,2,10.25,1
412,3,73.4,3
411,2,75.2,3
447,2,37.45,1
10,6,134.29,4
175,5,86.7,0
117,3,33.22,0
307,4,153.9,3
155,2,54.45,0
319,4,201.5,2
80,3,62.46,0
7,3,113.22,4
490,3,32.3,1
255,3,101.95,3
227,5,76.95,3
99,2,47.4,0
84,6,140.0,4
97,7,146.7,2
41,6,139.24,4
253,5,113.56,3
14,4,66.01,4
23,7,148.4,4
131,2,35.25,0
10,5,96.8,4
14,6,73.2,4
84,4,95.3,4
185,2,23.9,1
46,8,279.4,2
100,3,32.2,0
15,3,95.12,4
52,7,101.85,4
36,6,145.23,4
47,2,32.54,0
209,4,65.76,0
479,4,165.35,3
157,2,36.4,0
3,4,112.0,4
99,3,48.11,0
33,6,116.9,4
131,3,53.0,0
342,6,84.0,3
223,4,137.7,3
140,4,36.54,0
206,5,81.65,3
181,5,146.1,2
11,9,223.85,2
77,4,82.66,4
32,5,73.2,4
195,4,83.65,0
10,4,55.2,4
344,3,18.0,3
26,4,58.0,4
229,4,170.9,2
75,2,59.04,0
164,5,168.41,2
253,2,53.6,3
342,3,103.0,3
37,4,45.9,4
53,4,108.0,4
137,2,25.3,0
252,4,66.7,3
211,6,182.4,2
265,4,70.0,3
324,2,32.7,1
60,7,161.3,4
72,4,69.4,4
54,5,95.3,4
201,6,159.3,2
602,3,34.44,1
92,2,38.2,0
339,1,8.6,1
90,3,111.27,4
436,2,35.8,1
78,6,151.14,4
10,4,39.6,4
234,5,108.5,3
294,1,20.55,1
71,4,110.4,4
343,2,72.06,3
36,5,56.4,4
33,6,107.5,4
90,3,53.1,0
63,4,51.9,4
154,3,81.5,0
308,4,63.51,3
572,2,19.0,1
114,3,44.6,0
54,3,33.3,0
42,3,61.4,4
123,2,12.1,0
53,3,146.28,4
165,2,68.2,0
97,3,69.2,0
84,7,180.0,2
422,2,20.6,1
267,4,82.15,3
572,1,38.6,1
188,2,60.9,0
612,1,49.0,3
41,5,95.22,4
142,5,111.23,3
141,6,109.9,2
125,6,90.0,3
376,5,76.2,3
147,7,169.96,2
95,3,69.4,0
339,2,62.8,3
323,1,9.0,1
614,2,93.3,3
301,7,221.86,2
258,5,81.6,3
0,3,22.7,0
297,4,31.0,3
188,5,156.0,2
158,3,49.3,0
359,5,148.6,3
18,2,16.8,0
193,3,72.9,0
48,4,53.6,4
164,5,62.25,0
221,4,93.0,3
92,5,176.94,2
118,5,78.9,0
381,2,17.09,1
290,5,97.7,3
414,4,40.4,3
145,4,44.2,0
62,4,120.56,4
151,2,56.8,0
166,3,80.06,0
85,6,126.96,4
462,2,19.92,1
194,3,107.5,3
36,9,155.6,4
115,6,65.3,2
20,6,117.75,4
22,4,122.4,4
35,3,40.95,0
59,5,83.4,4
195,3,94.45,3
118,6,187.5,2
303,2,59.8,3
141,2,40.1,0
468,3,30.8,1
299,6,102.52,3
144,5,108.8,3
454,3,43.85,1
10,5,177.1,4
258,1,41.15,3
377,2,21.1,1
190,3,73.6,0
366,3,45.6,1
23,8,241.86,2
80,4,69.9,0
120,6,128.25,2
136,3,37.75,0
32,4,74.75,4
80,2,39.1,0
50,4,101.67,4
323,2,27.3,1
91,11,361.45,2
208,5,127.91,3
173,4,58.76,0
82,5,103.4,4
542,1,13.8,1
507,1,22.8,1
576,2,33.0,1
81,3,94.9,4
222,4,117.65,3
93,6,169.45,2
186,1,64.2,0
94,5,108.6,4
298,2,54.3,3
74,3,40.5,0
266,4,74.2,3
153,1,95.8,2
88,5,156.4,4
96,5,271.95,2
31,4,74.3,4
63,5,88.4,4
492,1,5.3,1
345,1,30.6,1
34,7,128.8,4
43,1,24.2,0
28,3,91.05,4
181,6,80.6,3
257,3,19.2,3
148,2,28.2,0
12,3,83.42,4
2,7,170.95,4
246,4,82.5,3
296,6,108.1,3
193,2,27.7,1
214,2,45.66,0
8,8,210.51,2
216,4,186.6,2
27,6,109.2,4
238,5,155.7,2
124,4,86.05,0
6,6,164.2,4
66,6,113.35,4
330,4,104.36,3
324,4,89.6,3
24,4,100.9,4
17,3,69.41,4
29,5,81.54,4
73,4,78.9,4
208,4,87.82,3
106,4,74.9,0
276,6,141.8,3
229,4,98.56,3
123,2,108.3,3
213,3,68.15,0
288,1,4.4,1
215,2,55.1,0
76,2,73.4,4
190,5,205.0,2
83,6,131.17,4
162,3,34.3,0
340,5,135.7,3
12,5,105.85,4
131,4,85.35,0
229,4,64.9,3
437,3,33.3,1
562,3,26.15,1
61,3,62.75,0
184,6,65.5,3
56,4,108.95,4
181,1,39.9,0
352,3,59.2,3
96,3,93.85,4
91,2,86.3,4
49,6,151.6,4
101,3,81.9,0
91,6,222.4,2
40,11,240.2,2
116,6,142.0,2
33,7,89.0,4
359,5,79.34,3
150,2,33.32,0
353,3,58.7,3
346,3,89.46,3
142,3,42.84,0
400,3,90.6,3
353,2,35.5,1
64,1,53.7,4
233,1,57.6,0
346,2,38.42,1
287,4,131.4,3
14,2,26.2,0
26,3,99.9,4
14,4,84.2,4
213,4,83.12,3
56,7,137.84,4
111,4,94.2,0
101,5,97.85,4
280,1,12.4,1
11,8,140.56,4
98,9,202.0,2
2,4,47.9,4
566,1,5.35,1
304,1,5.92,1
85,8,166.8,2
50,3,69.07,4
102,4,107.3,4
6,4,39.35,4
700,1,6.0,1
518,3,122.6,3
182,1,6.4,1
93,3,102.34,4
82,5,93.54,4
184,4,121.62,3
476,2,28.6,1
1,4,64.07,4
281,4,137.68,3
59,6,117.2,4
229,4,74.5,3
315,2,38.54,1
35,5,67.3,4
10,7,128.42,4
205,3,83.16,0
348,2,33.7,1
234,2,82.3,3
387,5,110.9,3
197,4,121.2,3
683,2,24.8,1
368,2,52.3,3
134,3,41.6,0
258,6,110.58,3
31,3,57.3,4
22,4,78.0,4
311,2,69.7,3
168,2,30.3,0
420,2,17.4,1
32,6,82.22,4
15,6,97.8,4
668,2,27.0,1
160,2,30.2,0
84,4,120.84,4
137,6,105.8,3
22,3,121.2,4
589,4,110.0,3
32,7,134.4,4
373,5,115.02,3
376,2,26.3,1
214,4,37.1,3
13,6,230.0,2
13,4,51.5,4
104,5,191.9,2
337,2,33.3,1
19,6,158.91,4
166,7,116.32,2
579,2,10.5,1
358,3,62.64,3
239,3,53.09,0
242,4,50.7,3
497,2,15.3,1
159,5,89.7,0
121,5,129.0,2
98,7,149.35,2
15,3,111.16,4
124,5,101.62,3
315,3,73.3,3
88,4,57.5,0
37,5,105.75,4
66,4,156.6,4
113,4,106.3,3
192,5,158.6,2
134,4,71.5,0
49,1,53.8,4
74,4,143.5,4
109,7,178.26,2
122,3,56.6,0
118,2,19.6,0
495,1,10.1,1
190,5,154.3,2
21,5,138.6,4
216,3,93.0,3
258,2,35.0,1
259,1,49.0,3
102,3,78.5,0
82,6,177.75,2
227,7,165.02,2
86,5,147.29,4
362,2,32.6,1
25,4,83.0,4
659,1,8.1,1
406,4,60.62,3
47,6,166.19,4
131,5,51.56,0
25,6,100.4,4
15,2,50.8,4
257,3,98.1,3
38,10,221.0,2
408,2,107.6,3
496,5,79.85,3
87,2,51.94,0
356,3,26.2,1
321,5,139.3,3
283,4,154.15,3
11,5,111.3,4
115,3,66.83,0
29,4,142.1,4
76,5,81.3,4
23,7,110.96,4
295,3,76.3,3
112,7,189.93,2
39,3,78.0,4
618,3,48.4,1
292,2,69.7,3
17,6,86.65,4
574,1,21.0,1
144,4,133.9,2
55,3,81.6,4
422,1,11.4,1
130,3,93.8,0
94,3,64.5,0
38,7,150.3,4
49,2,60.0,4
517,2,34.8,1
458,3,68.1,3
313,2,7.5,1
113,7,203.5,2
187,3,46.15,0
131,6,85.45,3
184,1,33.96,0
344,3,98.4,3
64,5,77.57,4
18,7,137.0,4
3,7,316.81,2
103,3,86.5,0
92,5,157.05,2
36,4,86.6,4
45,5,134.7,4
313,2,51.6,3
60,4,92.34,4
194,9,223.29,2
180,6,73.92,3
674,1,13.4,1
45,7,241.7,2
196,3,56.43,0
427,4,87.6,3
113,4,79.8,0
2,7,204.0,2
1,6,74.9,4
175,4,85.6,0
152,3,49.7,0
458,3,30.65,1
141,3,129.16,2
9,6,114.69,4
50,7,140.7,4
360,2,45.7,1
655,1,12.5,1
382,3,23.0,3
129,2,55.7,0
99,3,100.7,4
12,4,70.7,4
87,2,38.3,0
280,2,67.78,3
4,3,19.2,0
164,4,76.7,0
3,2,124.3,4
81,4,150.2,4
84,6,86.8,4
292,2,29.8,1
98,4,104.8,4
230,4,64.3,3
139,3,57.3,0
347,4,57.1,3
182,2,26.4,1
324,1,11.0,1
50,6,126.8,4
26,5,37.85,4
209,3,26.9,0
484,2,111.45,3
351,5,40.05,3
101,5,46.7,0
36,2,74.76,4
708,1,6.9,1
63,4,75.5,4
140,5,136.75,2
226,3,46.45,0
35,2,41.15,0
174,2,18.1,1
133,2,69.5,0
8,4,62.42,4
12,3,19.92,4
50,7,209.84,2
145,2,20.7,0
118,4,121.4,3
155,4,83.7,0
28,4,99.36,4
511,1,4.9,1
38,5,159.22,4
24,3,85.55,4
112,2,23.0,0
259,3,97.62,3
325,1,63.9,3
138,5,127.7,3
30,4,76.9,4
3,4,56.9,4
0,4,125.6,4
3,4,61.25,4
168,4,105.1,3
92,4,121.8,4
169,8,202.74,2
119,6,208.22,2
15,4,80.3,4
58,3,79.9,4
161,5,96.28,3
152,2,48.3,0
18,9,256.25,2
180,4,100.5,3
210,6,99.7,3
24,3,34.77,0
16,3,70.2,4
509,3,49.3,1
179,5,130.06,3
25,10,223.95,2
44,5,97.54,4
75,2,21.1,0
141,2,53.1,0
72,3,65.3,0
122,4,77.54,0
493,2,57.5,3
177,3,90.75,0
372,3,70.4,3
52,6,123.52,4
50,5,95.5,4
53,3,59.3,4
77,3,35.6,0
156,3,43.2,0
45,2,20.6,0
300,6,132.7,3
474,3,28.2,1
36,3,71.0,4
139,4,85.85,0
335,4,74.6,3
42,6,43.35,4
237,2,37.8,1
36,5,148.6,4
5,4,63.45,4
128,7,201.92,2
7,7,163.14,4
70,3,83.6,4
359,5,119.52,3
163,6,73.23,3
7,7,194.4,4
124,4,95.8,0
68,3,58.4,0
140,1,10.6,1
429,3,72.7,3
34,6,165.52,4
133,4,74.85,0
411,4,111.2,3
1,4,98.55,4
169,4,87.8,0
93,4,75.74,0
333,1,44.92,3
526,1,22.4,1
82,7,167.3,2
167,3,91.1,0
128,5,86.4,0
166,3,76.1,0
217,1,39.4,0
361,5,157.4,3
19,4,98.44,4
292,2,74.2,3
370,2,52.3,3
66,4,29.45,4
29,7,155.76,4
266,3,92.3,3
43,5,124.0,4
16,5,99.85,4
46,2,143.8,4
279,2,67.5,3
249,8,153.97,2
291,4,35.4,3
65,2,53.1,0
211,5,84.25,3
2,2,42.8,0
245,7,97.64,2
14,5,104.5,4
385,2,4.8,1
90,6,112.54,4
443,3,41.32,1
223,4,49.3,0
341,5,134.45,3
137,7,125.25,2
49,1,59.1,4
38,4,160.1,4
14,7,158.9,4
69,6,197.0,2
19,6,145.44,4
550,1,31.86,1
101,5,103.1,4
487,2,33.35,1
338,3,60.7,3
405,2,19.3,1
102,4,43.4,0
126,2,22.6,0
70,3,75.04,4
366,3,38.35,1
213,7,149.25,2
129,6,75.45,3
188,1,9.0,1
580,2,27.2,1
228,4,72.0,3
222,7,126.85,2
27,5,163.9,4
371,3,43.56,1
16,4,53.55,4
459,2,25.2,1
90,3,65.7,0
81,3,65.5,0
134,2,61.8,0
42,10,239.96,2
508,2,39.0,1
60,3,42.2,0
393,1,18.0,1
24,5,178.54,4
318,3,77.24,3
94,3,30.5,0
98,9,254.8,2
33,6,102.2,4
252,1,36.9,1
104,2,67.2,0
110,2,78.0,0
468,2,12.9,1
446,2,83.4,3
48,3,61.1,4
252,1,2.4,1
304,5,96.1,3
273,3,43.6,1
29,5,86.55,4
588,3,43.9,1
186,8,135.1,2
49,3,100.6,4
52,5,152.7,4
32,4,85.2,4
38,4,193.71,2
475,2,32.12,1
4,3,116.69,4
23,5,77.15,4
35,6,141.7,4
182,2,45.76,0
14,5,105.1,4
223,2,57.2,0
75,2,26.9,0
22,5,172.97,4
475,2,86.2,3
243,4,71.9,3
390,3,33.4,1
70,9,208.82,2
101,3,62.9,0
261,2,84.66,3
16,7,110.55,4
197,2,38.29,0
394,1,4.2,1
97,4,62.1,0
245,2,47.1,0
156,4,56.3,0
34,5,121.8,4
20,4,36.1,4
483,3,41.7,1
106,3,17.0,0
53,5,129.9,4
7,2,33.6,0
32,4,99.05,4
379,3,57.39,3
141,4,70.1,0
242,3,72.0,3
29,5,49.2,4
141,3,82.7,0
353,1,7.5,1
84,5,60.4,4
375,2,27.0,1
107,4,140.6,2
38,5,100.1,4
244,4,85.4,3
56,7,185.5,4
56,5,104.3,4
82,3,125.6,4
58,4,101.4,4
36,6,161.76,4
179,3,74.3,0
119,5,76.0,0
541,2,78.7,3
340,3,61.8,3
32,5,60.55,4
45,4,114.88,4
501,5,104.69,3
217,4,69.3,0
100,4,73.0,0
42,2,39.8,0
44,3,72.94,4
88,8,260.9,2
73,7,123.56,4
316,2,79.5,3
132,4,46.45,0
77,2,19.5,0
108,3,107.2,3
95,5,67.54,0
134,5,159.3,2
290,1,36.7,1
177,6,117.4,3
98,7,192.1,2
727,1,8.4,1
201,8,170.72,2
214,5,98.0,3
552,1,14.9,1
142,2,41.3,0
412,2,22.1,1
57,4,157.5,4
244,2,81.2,3
702,2,33.4,1
395,4,69.92,3
15,5,108.4,4
32,2,50.4,4
97,7,236.3,2
50,4,107.11,4
263,2,18.0,1
272,4,68.9,3
161,3,29.3,0
275,1,29.14,1
212,1,7.4,1
4,7,262.2,2
369,2,37.73,1
51,7,220.0,2
102,2,37.2,0
181,2,53.8,0
93,4,61.5,0
81,3,49.85,0
142,7,312.46,2
225,3,69.5,0
245,6,144.6,3
215,7,167.15,2
122,6,131.3,2
637,1,20.4,1
191,3,65.1,0
107,3,62.95,0
330,5,96.37,3
81,1,24.7,0
113,3,48.2,0
242,3,82.1,3
227,6,160.3,2
37,4,97.9,4
14,3,127.8,4
41,9,212.9,2
156,1,8.0,1
144,9,135.4,2
249,6,99.18,3
12,4,82.35,4
320,4,53.54,3
2,6,92.75,4
30,5,156.25,4
133,3,75.2,0
337,1,23.1,1
363,2,52.1,3
152,5,132.63,2
168,2,37.5,0
126,3,133.7,2
26,7,237.2,2
579,1,14.5,1
63,3,27.96,0
54,4,83.3,4
595,2,25.14,1
212,4,86.2,3
549,4,37.59,3
3,6,218.15,2
80,2,66.2,0
212,6,88.5,3
204,3,70.7,0
274,1,7.8,1
47,5,133.95,4
73,5,132.96,4
280,3,71.3,3
189,6,155.6,2
118,4,36.6,0
212,8,209.6,2
0,3,80.5,4
404,1,38.1,1
67,4,92.9,4
92,7,236.4,2
238,5,74.0,3
74,5,69.0,4
109,2,50.7,0
130,4,29.2,0
111,8,161.7,2
89,5,78.15,4
446,4,22.35,3
380,4,59.2,3
430,5,96.62,3
346,4,71.6,3
122,4,77.85,0
633,4,98.5,3
180,4,63.2,0
239,3,14.8,3
264,2,69.35,3
0,6,171.4,4
310,6,305.72,2
387,2,33.8,1
44,5,106.6,4
70,7,152.42,4
111,4,101.8,3
80,8,116.3,4
8,3,98.8,4
38,3,42.2,0
401,1,24.2,1
12,2,23.48,0
439,2,63.3,3
23,3,64.2,4
1,5,129.9,4
482,1,13.4,1
60,2,49.22,0
697,1,26.8,1
11,3,71.9,4
191,4,71.2,0
358,4,52.2,3
58,5,86.65,4
138,1,52.3,0
4,4,177.32,4
82,7,148.52,4
1,5,143.12,4
102,5,56.45,0
50,3,49.8,0
60,3,180.3,2
145,6,117.9,2
10,1,9.0,0
154,2,67.8,0
16,4,55.3,4
223,1,18.8,1
90,2,31.9,0
98,3,58.36,0
37,6,167.0,4
45,2,21.4,0
36,5,133.35,4
278,4,121.6,3
105,9,277.4,2
205,1,19.5,1
408,2,26.9,1
325,4,144.02,3
52,8,215.0,2
131,2,32.4,0
256,6,177.8,2
493,1,36.8,1
322,2,46.9,1
10,6,127.48,4
28,5,70.55,4
144,3,28.98,0
541,3,113.0,3
149,4,76.04,0
56,3,86.8,4
623,1,25.0,1
7,5,98.22,4
26,8,163.9,4
20,4,117.1,4
66,5,228.6,2
10,4,77.25,4
102,3,82.69,0
118,6,105.0,2
112,4,88.1,0
59,3,57.4,0
61,5,77.32,4
264,2,75.5,3
421,2,11.5,1
2,5,100.7,4
57,3,66.5,4
577,2,28.65,1
188,4,69.75,0
79,4,85.7,4
2,4,84.45,4
41,5,116.0,4
383,2,41.4,1
347,2,31.1,1
10,4,35.9,4
344,1,11.1,1
248,2,51.86,0
181,1,54.15,0
405,2,38.0,1
18,5,101.1,4
291,1,16.0,1
138,1,36.3,0
337,3,96.6,3
525,3,19.7,3
36,4,59.6,4
263,4,72.72,3
508,4,96.15,3
136,3,76.7,0
144,3,54.4,0
104,4,60.3,0
69,2,85.8,4
175,5,94.35,3
376,7,124.05,3
290,3,53.2,3
236,5,105.7,3
26,5,95.8,4
169,2,10.85,1
336,5,61.79,3
179,2,40.03,0
30,4,67.1,4
421,2,85.8,3
200,4,90.39,3
582,2,65.7,3
19,8,252.6,2
183,2,32.5,1
80,5,60.3,4
398,3,70.4,3
4,3,46.7,0
423,2,67.6,3
41,4,63.16,4
19,7,111.8,4
52,3,34.15,0
330,5,60.36,3
99,4,164.0,2
434,2,68.7,3
282,4,82.5,3
543,1,27.7,1
285,4,88.5,3
268,2,56.8,3
108,4,58.5,0
355,4,62.7,3
205,2,55.2,0
152,7,102.16,2
188,3,88.8,0
149,3,55.8,0
53,4,74.2,4
88,6,45.3,4
332,3,79.35,3
193,4,54.23,0
332,4,130.9,3
164,2,60.8,0
56,8,162.74,4
167,3,93.1,3
194,4,80.24,0
577,2,40.26,1
81,6,125.34,4
8,3,37.65,0
35,5,149.36,4
360,1,14.6,1
208,3,29.5,0
207,6,69.4,3
28,5,60.8,4
33,7,153.56,4
199,5,76.4,3
11,9,239.24,2
44,6,153.36,4
248,4,43.45,3
582,2,13.2,1
141,5,140.2,2
571,2,59.45,3
399,2,31.7,1
327,3,38.65,1
74,1,12.64,0
22,4,73.7,4
0,2,33.6,0
337,3,91.62,3
223,2,87.9,3
382,5,81.6,3
4,4,77.7,4
67,5,89.4,4
211,2,28.21,1
44,4,71.5,4
35,5,133.3,4
143,4,76.85,0
247,3,70.96,3
27,4,43.8,4
188,5,95.9,3
110,2,66.0,0
309,4,49.4,3
215,2,21.5,1
225,5,95.1,3
623,1,20.6,1
77,1,10.2,0
334,4,81.1,3
140,9,303.61,2
317,5,111.78,3
51,1,15.6,0
239,6,296.96,2
536,2,58.7,3
315,2,35.59,1
95,6,187.8,2
0,5,144.87,4
169,2,18.6,1
149,3,76.3,0
495,1,15.4,1
6,2,25.2,0
139,5,141.6,2
601,3,46.04,1
323,2,30.35,1
171,5,99.1,3
3,3,59.3,4
393,2,10.7,1
539,2,27.3,1
138,6,78.1,3
138,5,65.44,0
191,5,45.7,3
101,3,27.9,0
131,5,82.3,0
49,5,256.0,2
81,4,79.3,4
29,3,40.0,0
93,3,70.8,0
186,3,28.8,0
11,2,31.4,0
125,3,61.3,0
334,4,58.3,3
45,4,96.4,4
155,3,68.8,0
372,2,54.2,3
72,4,131.0,4
340,5,51.25,3
106,4,74.9,0
204,6,178.2,2
213,3,89.36,3
381,4,101.4,3
12,5,187.8,4
208,2,24.55,1
461,3,75.0,3
222,5,73.5,3
31,6,74.9,4
103,3,80.44,0
310,2,21.1,1
353,5,76.3,3
32,4,40.95,4
445,1,54.4,3
106,5,123.49,3
3,7,123.1,4
359,1,41.4,3
92,7,120.62,4
279,4,143.15,3
42,6,163.8,4
114,2,28.3,0
20,6,234.0,2
328,2,82.9,3
15,9,221.55,2
31,4,100.2,4
179,2,22.05,1
5,3,82.2,4
185,7,123.6,2
134,1,56.2,0
137,2,33.4,0
532,2,35.1,1
156,3,72.4,0
382,4,86.54,3
178,3,45.4,0
25,4,42.35,4
151,4,98.82,3
2,5,78.2,4
362,2,16.4,1
367,3,46.95,3
24,6,72.0,4
33,5,118.08,4
194,3,54.1,0
265,2,29.0,1
200,4,143.85,2
205,5,140.15,3
347,2,30.0,1
261,2,40.14,1
76,3,40.2,0
22,2,45.7,0
121,6,148.01,2
120,2,27.3,0
295,4,84.3,3
683,1,7.85,1
463,5,128.03,3
96,10,156.15,2
467,4,92.95,3
65,7,84.5,4
172,2,36.2,0
270,4,61.74,3
368,3,18.4,3
27,3,62.8,4
74,5,94.5,4
56,9,145.22,2
6,3,39.0,0
292,1,7.32,1
85,8,105.45,2
78,6,114.0,4
130,3,48.3,0
142,1,12.4,1
117,2,11.4,0
165,5,97.6,3
221,5,95.1,3
13,6,144.1,4
26,4,123.86,4
385,2,13.8,1
209,6,92.15,3
627,1,14.2,1
598,3,75.54,3
44,7,101.7,4
645,1,13.85,1
184,4,92.4,3
525,2,58.4,3
7,6,113.7,4
225,4,48.2,3
195,5,114.1,3
427,7,185.54,3
385,5,141.4,3
91,4,95.5,4
1,3,41.0,0
185,6,196.8,2
7,10,243.5,2
60,9,117.42,2
380,4,65.1,3
265,1,5.7,1
451,2,45.8,1
393,1,8.5,1
392,4,74.8,3
122,4,129.8,2
522,3,69.65,3
242,3,17.5,3
392,2,33.2,1
123,4,75.4,0
5,4,107.8,4
206,1,9.4,1
157,3,34.22,0
611,1,7.9,1
128,8,103.7,2
255,4,89.9,3
253,7,113.66,2
125,6,100.13,3
44,7,117.4,4
485,5,42.8,3
220,2,37.9,1
136,4,132.52,2
44,4,61.4,4
551,2,21.8,1
6,2,30.75,0
277,4,153.16,3
704,1,79.5,3
506,3,38.59,1
96,3,45.45,0
36,1,31.5,0
83,6,96.2,4
191,5,84.12,3
464,1,20.0,1
150,3,51.0,0
448,3,59.52,3
452,4,80.4,3
333,3,45.44,1
238,5,118.26,3
52,4,83.7,4
207,1,2.6,1
366,2,12.1,1
91,6,203.76,2
33,5,177.1,4
246,6,131.8,3
56,3,85.7,4
14,5,67.0,4
181,2,43.2,0
27,3,137.4,4
439,1,81.8,3
304,3,31.0,1
158,1,14.6,1
324,2,11.8,1
37,6,146.2,4
151,6,100.1,3
438,2,28.6,1
22,5,47.1,4
284,1,10.5,1
72,10,251.45,2
17,6,131.7,4
76,5,162.9,4
145,3,66.1,0
40,7,85.2,4
303,4,89.9,3
35,5,132.8,4
24,3,30.59,0
37,7,117.04,4
39,4,107.46,4
0,2,44.09,0
333,4,90.6,3
241,6,145.8,2
175,3,46.7,0
56,2,30.44,0
669,1,19.8,1
190,2,51.0,0
6,1,33.9,0
273,4,116.9,3
33,6,212.4,2
46,3,56.4,4
145,5,111.2,3
236,5,113.62,3
19,5,92.6,4
78,6,115.91,4
34,4,147.2,4
40,5,69.4,4
2,5,49.4,4
7,3,75.9,4
91,2,33.0,0
256,2,45.9,1
376,3,70.79,3
8,4,104.8,4
162,4,96.64,3
321,2,12.0,1
285,3,43.6,1
567,2,36.1,1
148,3,60.54,0
53,5,60.7,4
184,9,220.9,2
147,4,68.22,0
511,1,75.6,3
291,4,112.76,3
18,7,211.7,2
431,4,104.2,3
30,5,78.66,4
338,1,97.8,3
145,3,100.8,3
350,1,19.6,1
274,2,26.0,1
12,7,128.45,4
430,1,39.5,3
136,1,17.1,0
2,3,50.6,0
179,4,79.2,0
185,4,76.5,0
545,2,24.0,1
33,1,5.9,0
363,2,11.4,1
101,3,77.6,0
221,3,33.1,1
727,1,8.9,1
40,3,27.9,0
22,5,271.8,2
125,8,221.4,2
59,7,165.9,4
194,10,205.44,2
373,2,52.35,3
262,2,42.1,1
4,7,248.12,2
130,5,60.0,0
193,2,51.9,0
72,4,73.92,4
55,6,71.1,4
153,4,65.3,0
320,2,57.25,3
224,6,130.34,3
119,4,49.92,0
28,3,80.2,4
22,4,96.4,4
531,3,47.3,1
269,5,49.35,3
21,2,55.5,4
66,7,143.55,4
346,4,50.2,3
54,7,132.27,4
84,2,26.1,0
229,1,6.9,1
3,3,71.4,4
192,2,16.65,1
95,3,81.4,0
65,3,109.0,4
183,4,151.8,2
425,3,68.6,3
396,2,38.2,1
399,3,55.69,3
170,3,77.8,0
66,3,103.7,4
191,5,86.83,3
181,4,46.4,0
41,7,130.2,4
171,2,69.3,0
7,2,21.6,0
331,4,150.45,3
248,3,25.4,1
4,10,334.15,2
215,1,10.9,1
150,2,39.9,0
108,3,136.2,2
235,3,25.3,1
180,6,127.05,2
155,3,85.63,0
135,5,119.5,3
223,5,124.7,3
218,4,122.7,3
305,4,166.1,3
85,4,117.95,4
249,1,7.1,1
222,3,47.7,0
339,3,44.4,1
30,3,80.3,4
189,3,37.34,0
1,7,90.8,4
85,4,48.5,0
68,9,163.94,2
63,7,71.67,4
230,4,56.55,3
182,3,84.66,0
6,4,95.05,4
266,3,29.4,1
504,1,21.6,1
41,5,90.5,4
357,3,62.16,3
184,3,32.11,0
162,2,43.8,0
43,2,34.0,0
627,3,73.4,3
5,5,91.8,4
80,6,149.8,4
21,4,96.36,4
128,5,64.5,0
31,5,132.62,4
244,2,31.5,1
240,6,78.53,3
76,4,120.12,4
312,5,112.6,3
157,2,54.0,0
158,2,38.12,0
333,2,33.55,1
311,2,11.6,1
241,4,91.0,3
481,1,37.5,1
279,1,22.2,1
203,5,141.86,2
135,4,69.1,0
22,3,74.0,4
15,2,43.52,0
191,4,104.5,3
234,5,94.44,3
273,5,45.2,3
91,1,5.2,0
233,3,169.7,2
208,5,135.8,3
25,6,108.65,4
536,3,97.8,3
586,2,11.9,1
77,2,45.2,0
52,3,38.2,0
138,6,113.35,2
31,6,127.6,4
28,2,103.8,4
221,6,117.3,3
205,3,81.7,0
276,5,165.9,2
523,2,41.82,1
46,3,121.6,4
161,9,240.5,2
578,1,4.6,1
1,6,84.5,4
107,5,110.4,3
66,6,86.75,4
376,2,28.1,1
671,1,32.8,1
296,3,76.65,3
1,5,161.84,4
48,4,112.1,4
673,1,23.8,1
6,2,8.8,0
125,2,64.2,0
248,3,81.5,3
722,1,10.3,1
488,1,14.4,1
351,4,52.2,3
343,2,61.3,3
49,6,171.9,4
390,2,45.5,1
412,3,59.75,3
412,3,23.1,3
31,5,71.35,4
185,4,78.33,0
330,4,27.4,3
234,3,52.12,0
135,5,148.4,2
29,5,108.04,4
9,1,28.0,0
53,6,150.14,4
17,3,64.66,4
133,2,17.9,0
230,5,116.8,3
313,3,48.9,3
294,4,154.3,3
164,4,69.26,0
301,3,72.2,3
93,3,53.4,0
136,9,181.52,2
623,3,35.92,1
23,2,27.94,0
261,4,188.1,2
68,3,51.2,0
280,4,75.5,3
55,2,16.7,0
19,4,102.2,4
62,7,142.24,4
194,4,52.3,0
338,1,7.8,1
98,5,50.1,0
68,4,135.0,4
217,2,59.0,0
45,5,203.8,2
15,2,34.3,0
292,2,12.4,1
25,3,81.55,4
306,3,60.7,3
232,4,102.75,3
521,1,9.8,1
211,4,44.2,0
136,3,61.54,0
380,3,32.3,1
66,4,50.8,0
246,4,136.7,3
289,3,71.0,3
184,6,171.52,2
258,4,86.8,3
517,1,6.6,1
270,2,24.5,1
90,3,94.9,4
203,1,23.52,1
417,5,114.6,3
278,1,11.4,1
331,6,167.22,3
3,6,147.35,4
127,5,74.9,0
9,1,63.9,4
262,2,38.3,1
46,5,176.3,4
68,4,86.9,4
631,2,117.06,3
90,3,46.7,0
33,4,78.0,4
460,1,28.2,1
31,3,32.0,0
6,7,131.56,4
121,4,26.2,0
59,4,60.0,4
14,2,12.1,0
13,1,11.8,0
42,3,45.7,0
111,5,81.5,0
416,2,64.43,3
139,5,43.9,0
147,4,68.4,0
36,4,123.5,4
187,2,34.3,0
45,9,191.48,2
97,4,61.74,0
548,2,40.2,1
59,9,223.34,2
386,2,17.1,1
6,6,177.76,4
46,4,82.2,4
224,5,137.0,3
87,3,102.14,4
79,4,90.9,4
244,3,148.8,2
267,3,53.72,3
127,7,167.4,2
16,4,33.7,4
185,6,117.68,3
531,1,35.9,1
272,1,5.8,1
281,4,81.2,3
237,5,68.8,3
87,4,136.8,4
518,3,15.8,3
38,6,177.66,4
39,10,207.32,2
161,3,63.8,0
7,5,74.4,4
431,6,45.5,3
9,3,116.65,4
42,5,135.6,4
174,1,4.4,1
65,7,113.8,4
331,4,51.1,3
179,3,28.45,0
42,8,217.85,2
99,4,50.9,0
36,5,129.4,4
274,4,137.5,3
240,8,196.03,2
162,5,128.95,3
156,2,16.6,1
477,5,45.52,3
31,1,4.1,0
55,4,125.28,4
80,6,143.2,4
50,7,144.4,4
137,7,144.61,2
175,4,156.6,2
362,1,7.3,1
45,7,147.94,4
43,2,45.7,0
123,2,52.5,0
382,2,40.0,1
180,5,59.8,0
17,3,64.7,4
19,8,158.74,4
65,6,140.95,4
17,3,76.2,4
51,4,64.67,4
166,4,32.9,0
98,2,134.2,2
51,7,115.55,4
395,5,89.55,3
319,2,54.7,3
126,5,138.63,2
92,3,92.62,4
134,3,49.15,0
108,7,98.35,2
560,3,85.14,3
123,5,223.5,2
218,3,42.3,0
495,1,39.3,1
49,3,64.3,4
120,5,221.5,2
635,1,20.1,1
97,6,85.5,4
304,3,21.3,3
340,6,124.0,3
300,3,22.4,3
652,2,44.9,1
172,2,28.9,1
80,6,244.34,2
270,5,82.1,3
30,4,150.4,4
38,3,42.6,0
32,3,148.09,4
202,7,98.41,2
151,8,121.6,2
377,3,30.6,1
159,3,60.7,0
119,5,113.16,3
212,3,37.05,0
160,4,54.7,0
442,1,21.2,1
91,4,89.66,4
163,4,131.63,3
102,4,148.0,2
181,5,84.92,3
92,7,155.6,2
367,4,37.9,3
0,5,204.76,2
35,4,47.3,4
179,3,40.3,0
624,1,31.54,1
16,2,18.6,0
87,2,63.5,0
74,4,22.85,4
419,3,27.8,1
119,4,74.7,0
19,6,140.2,4
174,2,100.4,3
271,4,112.4,3
55,6,83.9,4
236,5,70.96,3
594,1,10.0,1
232,3,53.3,0
228,2,36.96,1
0,5,174.6,4
36,2,17.2,0
5,7,176.2,4
196,6,146.61,2
27,7,106.2,4
13,7,183.1,4
162,2,50.4,0
220,3,89.2,3
147,5,73.62,0
15,4,110.7,4
56,6,80.0,4
214,6,81.42,3
119,3,98.65,3
16,5,83.86,4
57,10,268.8,2
110,2,56.8,0
13,7,100.1,4
254,5,86.5,3
17,3,120.3,4
259,2,18.5,1
39,5,84.85,4
34,6,119.92,4
10,4,50.5,4
429,2,24.5,1
334,4,152.04,3
226,6,119.0,3
269,1,14.5,1
414,1,18.9,1
676,1,11.2,1
33,4,158.66,4
18,5,81.3,4
470,2,10.6,1
320,2,49.15,3
94,6,65.44,4
86,4,125.24,4
246,5,88.1,3
119,4,68.9,0
420,3,60.9,3
257,5,133.9,3
449,2,48.1,1
267,5,83.4,3
195,4,116.0,3
58,7,139.05,4
2,5,48.4,4
237,2,69.6,3
597,1,14.4,1
439,1,3.4,1
567,2,19.8,1
542,1,83.3,3
516,1,36.16,1
261,6,170.5,2
159,2,46.8,0
474,1,6.8,1
451,2,25.0,1
1,5,184.44,4
20,2,16.6,0
17,7,228.33,2
230,3,28.9,1
8,3,115.3,4
207,2,35.0,1
396,4,85.4,3
83,3,69.65,0
3,3,32.3,0
309,3,155.25,3
101,5,96.59,4
89,3,73.0,0
18,4,73.5,4
144,4,90.4,0
302,2,72.2,3
211,1,46.0,0
192,7,177.2,2
166,2,66.9,0
75,6,213.56,2
103,2,15.7,0
51,4,112.8,4
14,2,19.8,0
317,2,124.6,3
294,3,110.15,3
92,8,253.55,2
95,2,77.9,0
192,4,34.16,0
442,4,77.2,3
33,4,91.74,4
27,4,51.0,4
40,8,158.5,4
214,3,67.9,0
98,2,73.96,0
262,5,62.6,3
382,4,53.6,3
12,6,87.8,4
323,4,108.48,3
378,4,137.55,3
80,3,70.46,0
216,3,92.2,3
125,4,76.95,0
139,4,50.34,0
149,5,109.5,3
67,2,50.49,0
30,5,137.15,4
541,3,71.2,3
7,6,132.39,4
36,4,86.12,4
77,4,85.1,4
79,6,158.98,4
25,5,123.12,4
139,6,161.3,2
126,3,105.55,3
123,4,88.6,0
8,5,136.09,4
68,3,143.66,4
154,4,120.1,3
223,2,62.4,0
128,5,227.36,2
73,5,149.1,4
44,3,96.5,4
13,5,47.7,4
174,4,33.4,0
423,2,55.1,3
88,4,53.73,0
122,5,67.45,0
18,3,119.8,4
255,1,8.4,1
247,4,147.68,3
197,4,83.5,0
93,5,82.1,4
114,4,62.8,0
408,1,15.3,1
187,2,27.75,1
118,3,25.2,0
65,5,191.84,2
130,3,31.3,0
175,2,26.85,1
10,3,38.82,0
333,4,93.6,3
571,2,7.65,1
233,3,18.7,3
50,4,70.4,4
214,4,70.1,0
73,6,140.4,4
13,6,113.1,4
216,3,33.9,1
179,5,104.02,3
516,3,28.2,1
291,1,3.9,1
19,3,76.8,4
466,2,33.9,1
218,2,49.5,0
225,5,143.8,3
48,6,102.35,4
31,2,49.94,4
156,4,71.25,0
423,4,60.22,3
24,7,209.02,2
512,2,12.0,1
116,2,21.0,0
32,4,80.7,4
33,4,72.1,4
18,11,229.58,2
0,4,35.2,4
146,3,25.6,0
590,1,65.2,3
39,4,139.1,4
130,2,60.86,0
238,6,132.5,3
22,3,89.3,4
126,6,96.44,3
51,5,112.9,4
309,2,32.6,1
78,4,87.7,4
296,4,134.98,3
227,3,56.1,0
363,3,99.5,3
131,6,222.36,2
367,2,36.5,1
342,2,61.3,3
93,3,43.9,0
28,5,80.7,4
189,7,88.55,2
117,6,101.4,3
113,4,42.62,0
38,5,64.76,4
95,8,245.1,2
132,5,71.4,0
186,5,189.9,2
50,6,70.8,4
201,3,88.4,3
52,3,160.12,4
207,4,43.5,0
84,7,239.91,2
306,4,125.15,3
351,1,55.4,3
374,1,7.3,1
94,4,58.72,0
33,3,87.6,4
13,4,144.7,4
64,5,86.0,4
165,6,214.9,2
672,1,7.9,1
27,5,89.9,4
50,6,161.05,4
674,1,3.7,1
98,3,55.3,0
330,7,135.34,3
191,7,148.0,2
199,3,63.5,0
501,4,115.2,3
233,5,119.9,3
97,3,53.95,0
317,1,25.8,1
79,4,97.92,4
63,6,104.1,4
280,2,31.2,1
518,1,35.1,1
145,8,107.42,2
34,4,122.4,4
347,3,44.3,1
207,1,9.0,1
105,6,92.4,4
117,2,67.36,0
415,3,91.8,3
325,3,35.8,1
68,3,45.4,0
76,2,64.4,0
7,6,142.05,4
192,4,116.32,3
468,3,31.1,1
124,2,86.6,0
65,2,49.5,0
134,5,76.0,0
281,4,139.9,3
237,2,51.2,0
189,7,79.6,2
47,8,150.65,4
346,2,54.1,3
162,3,121.64,3
106,4,52.6,0
12,4,57.7,4
366,5,112.0,3
13,5,118.6,4
185,2,138.8,2
522,2,32.5,1
361,4,171.1,3
96,5,221.47,2
385,1,7.9,1
321,1,5.4,1
702,1,29.14,1
612,1,27.24,1
57,6,169.73,4
198,4,49.4,0
150,3,117.2,3
73,9,214.05,2
77,4,75.55,4
166,5,170.96,2
591,2,17.76,1
105,7,120.05,2
24,2,24.7,0
232,2,63.6,0
16,3,59.1,4
473,3,75.0,3
155,5,57.22,0
164,6,136.38,2
77,4,96.6,4
74,4,131.8,4
104,7,136.6,2
102,1,17.4,0
336,5,99.97,3
27,5,158.1,4
42,5,87.12,4
380,5,89.01,3
118,4,81.5,0
234,4,57.5,3
273,3,30.1,1
179,1,75.7,0
286,3,37.62,1
28,8,193.5,4
272,6,154.6,3
56,5,87.4,4
278,1,4.0,1
91,2,58.3,0
239,2,51.27,0
176,3,57.85,0
42,6,168.55,4
200,6,122.92,3
18,7,110.5,4
176,5,75.7,0
114,3,78.88,0
133,2,82.35,0
151,3,62.4,0
284,2,20.2,1
152,3,34.1,0
37,10,301.33,2
529,1,7.8,1
88,3,33.5,0
104,6,187.4,2
155,5,133.0,2
27,7,191.05,4
267,5,132.05,3
72,5,94.85,4
86,2,19.5,0
267,2,69.8,3
76,2,32.4,0
42,3,50.0,0
462,1,18.44,1
17,2,38.42,0
372,2,13.8,1
65,4,31.1,4
38,5,119.49,4
163,2,46.0,0
259,5,56.34,3
17,4,92.9,4
564,3,63.45,3
111,4,55.6,0
129,5,52.5,0
131,4,156.0,2
6,5,80.2,4
10,5,122.64,4
395,2,34.7,1
31,3,80.4,4
85,6,125.4,4
233,3,137.0,3
194,7,74.59,2
197,2,21.6,1
66,3,87.7,4
173,2,32.3,0
324,6,180.86,2
12,4,122.74,4
129,6,122.04,2
358,3,60.6,3
284,4,90.42,3
356,3,33.82,1
91,10,192.63,2
87,3,49.5,0
108,5,102.14,3
191,6,232.92,2
84,4,99.2,4
234,4,170.9,2
419,4,60.4,3
124,5,200.25,2
337,3,48.74,3
62,3,85.4,4
280,2,63.72,3
132,6,159.42,2
21,3,61.5,4
95,3,72.12,0
54,4,37.74,4
171,2,76.0,0
297,5,118.1,3
602,1,12.1,1
393,2,19.62,1
243,4,63.36,3
181,3,86.2,0
511,2,57.15,3
41,5,101.1,4
152,7,189.62,2
323,2,48.89,3
296,2,48.2,3
415,1,52.34,3
50,8,134.61,4
636,1,12.3,1
361,1,9.4,1
87,3,31.4,0
41,5,201.7,2
200,5,119.0,3
198,5,147.02,2
273,1,2.1,1
25,5,200.0,2
61,4,62.16,4
231,4,66.3,3
323,2,126.5,3
37,2,35.4,0
376,6,154.44,3
229,7,248.11,2
56,3,21.6,0
86,6,162.5,4
70,7,210.1,2
6,4,61.9,4
101,5,119.65,4
104,5,131.85,2
659,2,32.7,1
365,4,45.15,3
212,5,45.52,3
37,7,119.99,4
48,2,16.4,0
300,2,51.8,3
423,1,17.2,1
0,5,171.03,4
205,6,95.0,3
119,6,205.9,2
194,3,35.7,0
306,2,55.8,3
101,6,99.88,4
258,2,42.4,1
160,2,62.3,0
105,2,51.0,0
105,3,44.7,0
5,2,13.7,0
92,7,82.79,4
112,2,191.1,2
330,2,63.4,3
68,5,69.6,4
42,5,69.6,4
133,4,61.05,0
438,3,48.1,1
593,1,3.7,1
545,1,20.16,1
410,2,31.75,1
315,1,13.9,1
393,1,15.7,1
187,1,13.0,1
121,3,93.4,0
79,4,106.9,4
16,6,110.8,4
44,5,75.2,4
192,3,38.1,0
118,6,151.55,2
7,4,69.04,4
234,2,76.8,3
596,1,24.5,1
12,4,132.81,4
7,4,87.2,4
225,4,92.62,3
169,4,57.6,0
1,2,19.4,0
489,1,11.0,1
228,3,97.0,3
287,4,70.38,3
45,4,38.66,4
278,7,108.04,3
253,2,60.4,3
56,4,47.3,4
43,7,152.1,4
124,8,119.9,2
263,2,39.4,1
425,3,41.8,1
152,3,86.0,0
343,1,3.4,1
75,6,142.9,4
56,4,73.82,4
184,2,25.8,1
175,4,156.5,2
429,1,1.6,1
8,5,145.05,4
73,3,23.0,0
142,2,16.6,0
207,3,33.7,0
47,3,44.7,0
149,4,57.4,0
218,5,94.35,3
1,4,76.9,4
54,3,91.6,4
3,4,88.2,4
271,4,87.3,3
75,3,70.3,0
13,6,102.35,4
343,1,12.6,1
29,4,148.4,4
8,4,149.9,4
366,4,42.42,3
299,2,32.44,1
236,3,42.65,1
151,3,174.9,2
177,3,93.5,3
336,2,37.1,1
253,2,24.82,1
283,1,59.5,3
238,2,91.2,3
645,1,47.4,3
71,6,134.45,4
0,3,78.99,4
237,3,92.7,3
19,3,101.9,4
235,3,66.8,0
398,1,4.6,1
48,2,37.8,0
104,3,83.9,0
176,6,58.04,2
393,4,75.9,3
75,3,80.4,4
19,4,97.3,4
241,3,45.7,1
156,3,43.1,0
76,4,115.26,4
138,1,9.4,1
58,5,120.75,4
111,4,70.2,0
359,4,66.0,3
222,5,84.6,3
148,6,110.7,2
46,6,253.12,2
101,3,37.0,0
180,4,54.9,0
71,3,31.44,0
243,5,135.7,3
502,1,40.9,1
57,5,89.8,4
92,4,49.1,0
410,5,176.95,3
126,2,35.3,0
98,4,69.23,0
87,3,56.65,0
307,3,44.12,1
2,6,118.95,4
91,4,137.5,4
478,2,22.3,1
275,4,48.1,3
1,3,128.9,4
184,4,173.0,2
32,6,77.8,4
327,4,90.1,3
337,2,8.5,1
252,3,65.35,3
244,4,98.3,3
57,6,289.4,2
157,4,68.5,0
30,7,132.35,4
27,4,96.5,4
127,5,89.8,0
45,4,126.65,4
94,5,135.35,4
87,6,87.95,4
32,6,124.95,4
247,5,170.0,2
139,6,86.2,3
145,4,72.1,0
222,4,52.22,0
243,3,60.0,0
20,6,124.64,4
6,1,19.4,0
235,4,91.8,3
19,5,108.6,4
59,6,76.52,4
68,4,70.25,4
16,2,24.0,0
112,7,130.05,2
199,5,57.6,3
419,3,82.4,3
48,4,89.35,4
53,7,129.64,4
54,6,180.2,4
276,4,136.8,3
393,4,56.16,3
156,6,79.8,3
32,6,104.95,4
598,2,19.4,1
141,3,28.6,0
4,9,254.04,2
81,5,133.39,4
34,2,36.9,0
678,3,50.2,1
48,1,25.1,0
43,1,4.9,0
663,2,24.7,1
54,4,78.8,4
263,3,31.84,1
324,6,85.9,3
105,4,119.1,4
265,5,83.05,3
285,4,52.8,3
126,4,113.7,3
58,1,3.6,0
195,5,115.0,3
156,7,163.0,2
181,4,80.0,0
97,6,157.5,2
149,4,131.64,2
360,2,61.7,3
4,2,16.85,0
2,3,66.2,4
140,6,126.92,2
97,2,57.6,0
8,4,114.0,4
214,6,130.5,3
461,4,127.05,3
134,8,163.15,2
54,4,58.26,4
115,3,38.75,0
392,2,39.7,1
36,6,128.2,4
172,5,119.65,3
210,3,47.9,0
83,3,50.15,0
233,2,56.2,0
438,2,37.5,1
335,1,101.8,3
239,3,37.66,1
198,3,70.3,0
47,7,113.15,4
284,3,121.1,3
49,6,92.11,4
479,1,20.0,1
131,6,126.1,2
349,6,70.39,3
15,3,22.5,4
348,2,47.0,1
66,1,25.3,0
63,8,189.73,2
497,1,6.72,1
110,2,27.1,0
3,9,120.49,4
57,6,122.8,4
14,5,68.7,4
122,4,62.54,0
233,6,127.2,3
90,3,74.76,0
53,5,39.9,4
57,6,183.1,4
287,2,57.9,3
1,4,76.94,4
555,1,53.76,3
77,6,101.65,4
28,6,138.4,4
75,4,89.84,4
311,2,51.5,3
384,7,89.75,3
124,4,105.55,3
695,1,18.0,1
519,2,35.8,1
145,2,50.44,0
470,5,130.0,3
243,5,79.75,3
129,3,111.9,3
84,6,94.6,4
183,4,150.7,2
246,5,48.9,3
12,10,104.25,2
88,4,191.35,2
75,4,57.5,0
39,5,165.5,4
306,4,83.96,3
3,4,135.99,4
84,7,124.2,4
24,6,109.6,4
236,2,24.4,1
24,4,89.45,4
132,3,106.1,3
256,5,83.36,3
132,3,48.8,0
55,4,97.6,4
353,2,68.9,3
11,4,94.45,4
197,4,83.3,0
150,6,237.4,2
11,7,211.84,2
35,4,193.4,2
589,1,24.7,1
18,3,65.5,4
322,2,101.8,3
26,5,76.17,4
454,2,27.1,1
21,3,27.76,0
130,6,213.34,2
60,5,62.7,4
209,4,54.6,0
29,3,71.3,4
727,1,5.6,1
447,1,11.7,1
26,5,87.28,4
431,2,39.76,1
9,6,161.99,4
264,3,131.16,3
138,3,58.42,0
119,5,99.36,3
590,3,59.2,3
131,6,191.75,2
19,5,130.7,4
189,5,46.37,3
44,4,64.2,4
317,5,157.25,3
75,7,137.1,4
233,4,60.9,3
18,5,49.9,4
152,5,130.5,2
81,6,143.7,4
249,5,75.75,3
273,3,94.2,3
325,3,44.72,1
376,2,52.04,3
207,9,240.4,2
199,4,49.1,0
91,6,103.6,4
110,5,144.6,2
24,7,129.66,4
545,2,43.8,1
702,1,16.9,1
24,5,241.6,2
73,5,108.96,4
190,2,41.2,0
558,3,91.9,3
77,3,62.3,0
1,4,60.65,4
109,4,79.8,0
146,2,39.5,0
47,5,131.0,4
83,3,115.3,4
482,3,42.85,1
21,6,86.36,4
25,7,189.7,4
91,7,265.7,2
27,6,66.6,4
65,3,98.7,4
126,4,86.4,0
64,8,145.52,4
158,3,45.45,0
138,6,135.69,2
270,3,41.1,1
10,4,138.26,4
55,7,254.7,2
5,9,245.36,2
319,3,50.36,3
159,6,117.66,2
2,4,81.15,4
543,1,21.96,1
25,6,92.12,4
106,2,11.7,0
306,3,68.7,3
389,2,39.8,1
16,5,151.06,4
155,4,97.42,3
242,7,76.9,2
248,2,25.2,1
353,8,186.46,2
643,2,37.1,1
489,3,39.95,1
52,6,77.56,4
19,5,79.8,4
64,6,159.6,4
27,5,77.7,4
13,5,111.7,4
359,4,155.8,3
77,4,142.7,4
54,5,111.36,4
248,2,32.76,1
123,3,236.0,2
433,3,43.75,1
191,6,188.9,2
111,3,50.0,0
36,2,30.25,0
182,1,22.8,1
50,5,78.05,4
25,7,135.32,4
81,6,122.5,4
65,3,129.34,4
80,11,239.75,2
405,3,43.76,1
5,6,128.5,4
430,3,53.23,3
287,5,49.3,3
9,2,55.78,4
238,3,87.8,3
336,3,93.06,3
298,2,22.5,1
263,5,65.0,3
291,4,48.1,3
131,4,184.4,2
1,4,114.75,4
128,6,169.0,2
348,2,34.7,1
39,4,50.0,4
29,3,134.5,4
81,3,72.8,0
54,3,107.3,4
97,3,60.85,0
310,3,66.25,3
116,4,46.25,0
172,6,123.55,2
182,3,76.9,0
6,9,157.05,4
313,2,6.5,1
139,1,5.7,1
45,5,81.31,4
79,4,36.4,0
127,4,58.3,0
572,3,64.35,3
192,4,75.45,0
153,4,76.65,0
140,3,104.6,3
467,2,47.7,1
86,5,82.6,4
38,10,160.32,2
310,2,58.5,3
240,2,14.5,1
90,2,17.6,0
57,4,175.9,4
91,3,64.3,0
47,2,85.8,4
393,2,23.7,1
99,4,99.6,4
43,2,53.38,4
113,1,4.5,0
105,8,115.2,2
285,4,146.25,3
13,7,231.44,2
344,2,63.4,3
279,6,143.84,3
32,5,86.42,4
36,2,51.4,4
412,4,79.9,3
188,3,98.5,3
201,2,82.22,3
186,4,43.84,0
51,5,81.9,4
19,3,33.02,0
447,4,40.2,3
447,2,97.9,3
101,5,65.45,0
446,3,63.6,3
161,2,72.7,0
217,8,91.42,2
314,3,41.85,1
254,4,45.92,3
349,2,27.34,1
79,4,61.55,0
161,2,76.8,0
10,6,171.56,4
80,3,49.5,0
341,3,69.26,3
337,4,44.2,3
7,7,72.3,4
226,4,217.2,2
87,4,134.6,4
7,1,4.6,0
308,3,54.2,3
437,2,53.32,3
673,1,11.4,1
75,3,143.65,4
74,1,23.7,0
207,7,114.5,2
333,5,128.7,3
129,3,39.7,0
162,1,23.5,0
28,5,170.7,4
44,5,72.8,4
96,5,73.1,0
219,5,165.2,2
100,6,235.11,2
389,4,15.7,3
7,1,24.1,0
31,9,285.6,2
131,3,54.3,0
29,6,118.2,4
51,6,133.3,4
32,5,143.7,4
415,3,56.5,3
85,5,110.8,4
29,6,141.2,4
243,1,6.8,1
358,5,121.7,3
275,3,78.0,3
153,3,60.8,0
402,1,18.9,1
37,2,44.6,0
129,8,154.6,2
7,1,14.1,0
4,8,105.66,4
144,5,91.55,0
118,2,63.8,0
649,2,38.2,1
12,5,76.1,4
171,3,49.15,0
320,4,81.0,3
206,4,43.3,0
57,4,111.3,4
70,8,89.6,4
366,2,51.6,3
118,3,54.0,0
38,4,95.4,4
198,4,152.8,2
73,3,111.2,4
7,5,117.0,4
305,4,81.0,3
445,1,9.0,1
114,4,177.5,2
20,4,72.5,4
271,2,62.1,3
318,2,58.95,3
26,3,72.05,4
323,4,29.1,3
566,2,46.06,1
467,2,28.1,1
30,3,98.2,4
137,2,21.53,0
33,3,41.92,0
158,4,128.55,3
28,6,206.66,2
163,7,194.7,2
379,3,44.0,1
41,3,67.94,4
708,1,17.6,1
468,1,17.1,1
199,4,85.0,0
62,4,50.1,4
58,9,277.9,2
14,7,160.55,4
341,1,13.0,1
206,2,21.2,1
255,5,88.2,3
62,6,203.26,2
205,4,75.6,0
198,5,73.22,3
38,4,42.04,4
11,5,130.3,4
117,5,76.3,0
257,5,118.75,3
141,1,8.7,1
137,2,59.7,0
84,6,61.4,4
31,6,290.74,2
118,7,189.76,2
184,3,70.7,0
9,6,193.2,4
56,2,53.49,0
531,1,14.6,1
198,7,128.5,2
23,2,45.2,0
430,1,26.0,1
163,2,32.8,0
57,2,101.6,4
647,3,21.0,1
106,1,10.0,0
226,3,21.9,1
63,6,203.95,2
4,8,153.0,4
84,6,129.4,4
128,9,153.76,2
73,5,76.5,4
78,2,15.4,0
220,4,71.36,0
109,2,10.6,0
75,7,109.07,4
31,3,65.1,4
223,3,32.4,1
441,2,37.5,1
25,3,23.4,4
108,4,80.0,0
10,6,116.5,4
32,4,84.8,4
296,3,47.3,3
71,5,179.76,4
256,4,140.4,3
346,3,47.7,3
68,3,83.5,4
343,5,65.65,3
118,4,127.7,3
346,2,57.3,3
153,7,150.7,2
51,6,118.6,4
155,2,38.4,0
74,3,28.5,0
200,2,44.7,0
125,4,102.6,3
53,5,77.7,4
135,4,118.2,3
72,4,143.0,4
269,3,73.9,3
232,4,54.2,3
180,2,23.2,1
482,4,66.4,3
419,2,11.4,1
186,5,116.8,3
56,6,142.26,4
0,1,1.1,0
122,6,153.96,2
89,6,134.0,4
156,3,125.14,3
130,2,32.5,0
269,3,59.5,3
62,5,134.8,4
7,7,112.5,4
30,6,135.9,4
20,4,29.94,4
104,4,159.4,2
56,3,86.25,4
478,4,62.44,3
62,5,111.15,4
31,2,124.02,4
271,2,34.0,1
47,4,63.7,4
310,2,62.05,3
28,5,174.3,4
93,5,156.55,2
460,3,59.1,3
586,1,17.6,1
52,5,176.2,4
22,5,179.9,4
498,1,9.6,1
200,3,68.0,0
22,6,142.9,4
134,4,59.0,0
190,7,160.6,2
145,2,28.1,0
208,5,92.0,3
170,3,61.9,0
42,5,114.7,4
616,2,49.4,1
169,3,98.65,3
15,7,166.65,4
126,1,63.5,0
343,4,85.12,3
21,2,62.3,4
68,3,49.9,0
229,5,109.2,3
15,3,66.6,4
35,4,114.0,4
53,2,71.0,4
164,4,97.05,3
125,2,28.3,0
244,2,23.1,1
227,4,82.82,3
67,5,36.6,4
427,2,53.3,3
136,6,72.2,3
401,3,87.3,3
14,5,108.5,4
197,2,56.1,0
294,3,60.36,3
642,1,23.7,1
475,4,60.94,3
175,7,121.4,2
33,7,260.94,2
267,2,30.5,1
6,3,44.7,0
12,2,108.5,4
20,7,260.6,2
44,4,61.42,4
549,1,15.7,1
673,1,6.8,1
87,5,80.0,4
135,4,133.8,2
229,3,92.2,3
75,4,35.5,0
264,4,213.55,2
230,5,128.9,3
422,4,81.52,3
403,1,28.6,1
96,3,37.69,0
31,5,89.3,4
27,2,19.57,0
28,6,122.15,4
127,2,47.4,0
1,8,101.9,4
152,6,98.14,3
316,2,42.4,1
83,4,73.1,0
451,5,53.86,3
381,5,71.32,3
192,3,47.5,0
266,4,114.3,3
416,2,13.4,1
472,3,65.06,3
150,4,54.5,0
5,9,200.3,2
137,5,166.8,2
169,3,21.9,0
369,4,76.6,3
173,3,104.7,3
234,7,139.1,2
43,5,82.54,4
621,3,36.65,1
218,3,59.6,0
307,4,59.42,3
28,6,210.57,2
127,8,159.0,2
332,3,43.2,1
188,5,116.48,3
80,3,32.9,0
151,8,182.45,2
55,3,68.6,4
385,3,107.4,3
578,3,31.2,1
60,4,70.6,4
349,3,95.5,3
76,3,38.2,0
13,3,94.2,4
50,7,277.18,2
125,4,107.39,3
110,4,143.62,2
227,3,34.2,1
98,9,244.05,2
404,4,67.1,3
56,6,145.5,4
48,6,68.3,4
98,4,63.6,0
89,5,95.6,4
114,3,20.9,0
375,4,81.7,3
79,3,97.26,4
64,4,129.0,4
134,7,105.39,2
42,8,152.54,4
78,9,225.41,2
134,3,37.2,0
110,5,69.32,0
66,3,99.8,4
151,6,162.93,2
186,6,98.45,3
244,1,37.95,0
52,2,48.39,0
436,1,8.2,1
131,4,106.6,3
222,5,55.8,3
37,3,73.9,4
322,2,10.7,1
89,5,157.8,4
509,3,55.3,3
235,4,87.9,3
104,4,53.55,0
381,5,107.9,3
336,2,46.8,1
122,2,28.4,0
385,5,96.3,3
304,2,64.6,3
228,5,97.72,3
117,3,125.49,2
2,7,124.1,4
311,6,113.4,3
177,8,156.9,2
14,5,117.9,4
222,3,64.0,0
118,2,38.9,0
28,4,72.22,4
175,4,62.4,0
39,4,39.5,4
115,4,74.49,0
266,3,28.74,1
399,2,15.6,1
270,1,44.4,3
392,1,66.2,3
296,4,73.14,3
38,3,147.1,4
273,5,162.1,2
162,4,122.6,3
102,1,18.0,0
137,3,46.5,0
391,2,13.2,1
89,4,78.7,0
96,7,109.4,2
45,4,179.1,4
179,5,118.64,3
63,5,61.4,4
6,7,155.98,4
21,6,137.8,4
128,5,175.42,2
15,5,66.2,4
318,4,82.75,3
100,4,94.52,0
41,3,50.8,4
226,3,55.45,0
52,6,301.1,2
3,1,9.9,0
103,6,198.5,2
197,3,101.4,3
389,4,39.7,3
313,2,148.85,3
272,4,122.7,3
113,4,81.55,0
61,6,73.98,4
63,3,36.8,0
94,3,53.95,0
178,3,97.35,3
92,4,119.26,4
292,1,57.0,3
101,5,107.85,4
594,3,63.5,3
369,3,53.2,3
376,4,81.85,3
51,7,147.1,4
167,2,44.5,0
641,1,17.6,1
66,4,125.7,4
128,5,146.4,2
51,7,117.9,4
102,7,127.22,2
38,3,67.1,4
136,5,88.05,0
69,7,190.16,2
110,2,114.0,2
108,5,109.42,3
395,3,76.1,3
140,6,117.9,2
246,5,152.02,3
110,5,207.05,2
137,3,53.39,0
671,2,24.4,1
163,2,18.7,1
36,5,107.4,4
64,4,68.8,4
153,1,13.5,1
127,5,95.6,0
179,5,141.6,2
39,3,45.84,0
252,7,171.85,2
6,5,205.6,2
148,2,29.2,0
507,1,30.0,1
365,3,19.0,3
3,6,167.54,4
78,2,12.0,0
36,4,87.0,4
195,6,144.0,2
132,3,91.08,0
93,6,99.26,4
137,2,37.4,0
58,3,32.9,0
217,4,105.3,3
148,3,73.9,0
108,6,110.7,2
705,1,47.9,1
152,1,3.2,1
10,5,102.0,4
285,3,43.5,1
90,5,71.05,0
23,7,133.8,4
32,4,97.59,4
179,6,50.8,2
470,4,67.46,3
559,1,11.6,1
45,6,160.0,4
198,6,180.3,2
33,4,108.7,4
80,7,201.41,2
57,1,25.2,0
372,4,36.7,3
47,7,242.65,2
27,5,140.02,4
295,3,57.95,3
247,1,7.8,1
21,6,77.84,4
47,5,242.0,2
28,4,86.8,4
333,3,75.3,3
11,4,45.34,4
208,4,79.4,0
13,4,46.9,4
22,5,79.89,4
231,3,104.85,3
310,1,23.4,1
79,3,102.2,4
391,2,15.0,1
330,4,46.42,3
77,3,48.5,0
227,3,48.64,0
168,2,41.9,0
10,5,145.2,4
131,8,108.8,2
87,5,123.6,4
372,3,44.35,1
243,4,108.8,3
346,3,51.85,3
155,2,35.1,0
318,3,50.6,3
112,4,112.0,3
411,6,69.76,3
108,3,34.4,0
229,5,95.3,3
0,2,36.1,0
26,10,150.58,2
408,2,71.5,3
131,3,27.1,0
62,5,180.0,4
242,5,51.7,3
271,3,82.3,3
547,3,24.4,1
45,3,100.12,4
432,4,111.62,3
118,3,61.7,0
7,2,43.95,0
65,8,221.4,2
312,3,61.9,3
54,6,147.41,4
100,3,71.8,0
79,4,99.15,4
475,2,127.1,3
155,3,59.94,0
60,2,36.6,0
124,5,99.52,3
699,1,26.3,1
75,1,16.4,0
338,4,121.31,3
413,3,47.9,3
320,2,39.55,1
330,1,6.4,1
107,5,93.6,0
85,5,111.1,4
261,3,96.2,3
304,4,109.9,3
7,3,81.0,4
114,4,41.35,0
67,3,71.3,4
400,4,79.6,3
157,3,57.2,0
292,4,67.7,3
455,2,26.1,1
319,3,70.0,3
258,3,25.0,1
22,2,48.1,0
389,1,14.5,1
35,1,33.2,0
91,4,107.34,4
253,2,29.7,1
224,3,74.19,0
65,2,55.7,0
35,3,74.9,4
357,3,50.75,3
151,3,31.4,0
31,4,95.16,4
103,7,88.4,2
304,5,141.5,3
393,3,45.4,1
337,1,17.7,1
275,2,58.9,3
312,2,19.0,1
13,5,106.0,4
98,5,93.07,4
107,6,87.4,3
377,4,87.89,3
405,1,2.9,1
72,2,29.2,0
134,1,68.4,0
156,4,86.95,0
504,1,18.7,1
240,5,68.1,3
40,6,95.9,4
306,9,113.05,2
60,4,37.0,4
272,3,62.4,3
290,2,31.1,1
185,7,172.04,2
20,6,124.87,4
77,5,110.7,4
131,3,82.75,0
319,9,194.04,2
37,4,98.1,4
155,3,34.1,0
88,4,53.05,0
150,1,12.0,1
56,5,162.5,4
42,5,154.25,4
586,2,27.6,1
134,1,15.2,0
252,3,52.72,3
36,6,137.6,4
69,7,172.5,4
81,4,144.9,4
97,4,60.0,0
385,3,39.8,1
405,3,45.3,1
515,3,63.4,3
172,5,189.7,2
183,5,98.1,3
133,4,36.0,0
423,1,16.2,1
276,5,118.8,3
366,4,69.1,3
30,2,23.15,0
80,2,59.9,0
339,2,55.6,3
98,5,151.4,2
47,3,121.2,4
218,5,94.36,3
144,3,70.5,0
227,3,41.4,0
327,6,138.7,3
581,1,16.4,1
420,2,34.24,1
58,5,110.7,4
166,2,88.4,3
132,2,72.85,0
711,1,42.6,1
250,3,28.6,1
492,1,20.75,1
354,2,98.1,3
151,1,9.6,1
382,3,29.22,1
248,3,22.15,1
4,4,25.97,4
332,4,86.95,3
357,3,26.4,1
10,5,134.2,4
194,3,86.2,0
16,3,99.4,4
373,5,61.34,3
193,4,133.9,3
324,5,96.78,3
325,1,13.5,1
576,2,29.0,1
36,3,28.5,0
3,2,93.0,4
77,1,33.0,0
4,6,164.86,4
323,3,21.8,3
